cityName,city_currentConfirmedCount,city_confirmedCount,city_suspectedCount,city_curedCount,city_deadCount,city_locationId,city_cityEnglishName,locationId,continentName,continentEnglishName,countryName,countryEnglishName,provinceName,provinceShortName,provinceEnglishName,currentConfirmedCount,confirmedCount,suspectedCount,curedCount,deadCount,comment,updateTime
包头,3,11,0,8,0,150200,Baotou,150000,亚洲,Asia,中国,China,内蒙古自治区,内蒙古,Neimenggu,15,75,0,59,1,,1583227388023
呼和浩特,3,7,0,4,0,150100,Hohhot,150000,亚洲,Asia,中国,China,内蒙古自治区,内蒙古,Neimenggu,15,75,0,59,1,,1583227388023
通辽,3,7,0,4,0,150500,Tongliao,150000,亚洲,Asia,中国,China,内蒙古自治区,内蒙古,Neimenggu,15,75,0,59,1,,1583227388023
呼伦贝尔,2,7,0,5,0,150700,Hulunbuir,150000,亚洲,Asia,中国,China,内蒙古自治区,内蒙古,Neimenggu,15,75,0,59,1,,1583227388023
鄂尔多斯,1,11,0,10,0,150600,Ordos,150000,亚洲,Asia,中国,China,内蒙古自治区,内蒙古,Neimenggu,15,75,0,59,1,,1583227388023
赤峰,1,9,0,8,0,150400,Chifeng,150000,亚洲,Asia,中国,China,内蒙古自治区,内蒙古,Neimenggu,15,75,0,59,1,,1583227388023
锡林郭勒盟,1,9,0,8,0,152500,Linguolexi,150000,亚洲,Asia,中国,China,内蒙古自治区,内蒙古,Neimenggu,15,75,0,59,1,,1583227388023
乌兰察布,1,3,0,2,0,150900,Ulanqab,150000,亚洲,Asia,中国,China,内蒙古自治区,内蒙古,Neimenggu,15,75,0,59,1,,1583227388023
巴彦淖尔,0,8,0,7,1,150800,Bayannur,150000,亚洲,Asia,中国,China,内蒙古自治区,内蒙古,Neimenggu,15,75,0,59,1,,1583227388023
乌海市,0,2,0,2,0,150300,Wuhai,150000,亚洲,Asia,中国,China,内蒙古自治区,内蒙古,Neimenggu,15,75,0,59,1,,1583227388023
兴安盟,0,1,0,1,0,152200,Xinganmeng,150000,亚洲,Asia,中国,China,内蒙古自治区,内蒙古,Neimenggu,15,75,0,59,1,,1583227388023
合肥,16,174,0,157,1,340100,Hefei,340000,亚洲,Asia,中国,China,安徽省,安徽,Anhui,43,990,0,941,6,,1583227152740
阜阳,10,155,0,145,0,341200,Fuyang,340000,亚洲,Asia,中国,China,安徽省,安徽,Anhui,43,990,0,941,6,,1583227152740
蚌埠,7,160,0,148,5,340300,Bengbu,340000,亚洲,Asia,中国,China,安徽省,安徽,Anhui,43,990,0,941,6,,1583227152740
宿州,4,41,0,37,0,341300,Suzhou,340000,亚洲,Asia,中国,China,安徽省,安徽,Anhui,43,990,0,941,6,,1583227152740
淮南,4,27,0,23,0,340400,Huainan,340000,亚洲,Asia,中国,China,安徽省,安徽,Anhui,43,990,0,941,6,,1583227152740
马鞍山,3,38,0,35,0,340500,Ma'anshan,340000,亚洲,Asia,中国,China,安徽省,安徽,Anhui,43,990,0,941,6,,1583227152740
淮北,3,27,0,24,0,340600,Huaibei,340000,亚洲,Asia,中国,China,安徽省,安徽,Anhui,43,990,0,941,6,,1583227152740
滁州,2,13,0,11,0,341100,Chuzhou,340000,亚洲,Asia,中国,China,安徽省,安徽,Anhui,43,990,0,941,6,,1583227152740
宣城,2,6,0,4,0,341800,Xuancheng,340000,亚洲,Asia,中国,China,安徽省,安徽,Anhui,43,990,0,941,6,,1583227152740
亳州,1,108,0,107,0,341600,Bozhou,340000,亚洲,Asia,中国,China,安徽省,安徽,Anhui,43,990,0,941,6,,1583227152740
安庆,1,83,0,82,0,340800,Anqing,340000,亚洲,Asia,中国,China,安徽省,安徽,Anhui,43,990,0,941,6,,1583227152740
芜湖,1,34,0,33,0,340200,Wuhu,340000,亚洲,Asia,中国,China,安徽省,安徽,Anhui,43,990,0,941,6,,1583227152740
池州,1,17,0,16,0,341700,Chizhou,340000,亚洲,Asia,中国,China,安徽省,安徽,Anhui,43,990,0,941,6,,1583227152740
黄山,1,9,0,8,0,341000,Huangshan,340000,亚洲,Asia,中国,China,安徽省,安徽,Anhui,43,990,0,941,6,,1583227152740
六安,0,69,0,69,0,341500,Lu'an,340000,亚洲,Asia,中国,China,安徽省,安徽,Anhui,43,990,0,941,6,,1583227152740
铜陵,0,29,0,29,0,340700,Tongling,340000,亚洲,Asia,中国,China,安徽省,安徽,Anhui,43,990,0,941,6,,1583227152740
深圳,83,418,0,332,3,440300,Shenzhen,440000,亚洲,Asia,中国,China,广东省,广东,Guangdong,250,1350,0,1093,7,,1583227152740
广州,73,346,0,272,1,440100,Guangzhou,440000,亚洲,Asia,中国,China,广东省,广东,Guangdong,250,1350,0,1093,7,,1583227152740
东莞,24,99,0,74,1,441900,Dongguan,440000,亚洲,Asia,中国,China,广东省,广东,Guangdong,250,1350,0,1093,7,,1583227152740
佛山,18,84,0,66,0,440600,Foshan,440000,亚洲,Asia,中国,China,广东省,广东,Guangdong,250,1350,0,1093,7,,1583227152740
珠海,16,98,0,81,1,440400,Zhuhai,440000,亚洲,Asia,中国,China,广东省,广东,Guangdong,250,1350,0,1093,7,,1583227152740
江门,10,23,0,13,0,440700,Jiangmen,440000,亚洲,Asia,中国,China,广东省,广东,Guangdong,250,1350,0,1093,7,,1583227152740
中山,6,66,0,60,0,442000,Zhongshan,440000,亚洲,Asia,中国,China,广东省,广东,Guangdong,250,1350,0,1093,7,,1583227152740
梅州,4,16,0,12,0,441400,Meizhou,440000,亚洲,Asia,中国,China,广东省,广东,Guangdong,250,1350,0,1093,7,,1583227152740
茂名,4,14,0,10,0,440900,Maoming,440000,亚洲,Asia,中国,China,广东省,广东,Guangdong,250,1350,0,1093,7,,1583227152740
汕头,3,25,0,22,0,440500,Shantou,440000,亚洲,Asia,中国,China,广东省,广东,Guangdong,250,1350,0,1093,7,,1583227152740
湛江,3,22,0,19,0,440800,Zhanjiang,440000,亚洲,Asia,中国,China,广东省,广东,Guangdong,250,1350,0,1093,7,,1583227152740
肇庆,3,19,0,15,1,441200,Zhaoqing,440000,亚洲,Asia,中国,China,广东省,广东,Guangdong,250,1350,0,1093,7,,1583227152740
阳江,3,14,0,11,0,441700,Yangjiang,440000,亚洲,Asia,中国,China,广东省,广东,Guangdong,250,1350,0,1093,7,,1583227152740
韶关,1,10,0,9,0,440200,Shaoguan,440000,亚洲,Asia,中国,China,广东省,广东,Guangdong,250,1350,0,1093,7,,1583227152740
惠州,0,62,0,62,0,441300,Huizhou,440000,亚洲,Asia,中国,China,广东省,广东,Guangdong,250,1350,0,1093,7,,1583227152740
清远,0,12,0,12,0,441800,Qingyuan,440000,亚洲,Asia,中国,China,广东省,广东,Guangdong,250,1350,0,1093,7,,1583227152740
揭阳,0,8,0,8,0,445200,Jieyang,440000,亚洲,Asia,中国,China,广东省,广东,Guangdong,250,1350,0,1093,7,,1583227152740
汕尾,0,5,0,5,0,441500,Shanwei,440000,亚洲,Asia,中国,China,广东省,广东,Guangdong,250,1350,0,1093,7,,1583227152740
潮州,0,5,0,5,0,445100,Chaozhou,440000,亚洲,Asia,中国,China,广东省,广东,Guangdong,250,1350,0,1093,7,,1583227152740
河源,0,4,0,4,0,441600,Heyuan,440000,亚洲,Asia,中国,China,广东省,广东,Guangdong,250,1350,0,1093,7,,1583227152740
待明确地区,-1,0,0,1,0,0,Area not defined,440000,亚洲,Asia,中国,China,广东省,广东,Guangdong,250,1350,0,1093,7,,1583227152740
济宁,177,260,0,83,0,370800,Jining,370000,亚洲,Asia,中国,China,山东省,山东,Shandong,241,758,0,511,6,,1583221801499
德州,14,37,0,21,2,371400,Dezhou,370000,亚洲,Asia,中国,China,山东省,山东,Shandong,241,758,0,511,6,,1583221801499
潍坊,13,44,0,31,0,370700,Weifang,370000,亚洲,Asia,中国,China,山东省,山东,Shandong,241,758,0,511,6,,1583221801499
济南,11,47,0,36,0,370100,Jinan,370000,亚洲,Asia,中国,China,山东省,山东,Shandong,241,758,0,511,6,,1583221801499
烟台,10,47,0,37,0,370600,Yantai,370000,亚洲,Asia,中国,China,山东省,山东,Shandong,241,758,0,511,6,,1583221801499
淄博,6,30,0,23,1,370300,Zibo,370000,亚洲,Asia,中国,China,山东省,山东,Shandong,241,758,0,511,6,,1583221801499
威海,4,38,0,34,0,371000,Weihai,370000,亚洲,Asia,中国,China,山东省,山东,Shandong,241,758,0,511,6,,1583221801499
临沂,2,49,0,47,0,371300,Linyi,370000,亚洲,Asia,中国,China,山东省,山东,Shandong,241,758,0,511,6,,1583221801499
青岛,1,60,0,58,1,370200,Qingdao,370000,亚洲,Asia,中国,China,山东省,山东,Shandong,241,758,0,511,6,,1583221801499
枣庄,1,24,0,23,0,370400,Zaozhuang,370000,亚洲,Asia,中国,China,山东省,山东,Shandong,241,758,0,511,6,,1583221801499
日照,1,16,0,15,0,371100,Rizhao,370000,亚洲,Asia,中国,China,山东省,山东,Shandong,241,758,0,511,6,,1583221801499
滨州,1,15,0,14,0,371600,Binzhou,370000,亚洲,Asia,中国,China,山东省,山东,Shandong,241,758,0,511,6,,1583221801499
聊城,0,38,0,38,0,371500,Liaocheng,370000,亚洲,Asia,中国,China,山东省,山东,Shandong,241,758,0,511,6,,1583221801499
泰安,0,35,0,33,2,370900,Tai'an,370000,亚洲,Asia,中国,China,山东省,山东,Shandong,241,758,0,511,6,,1583221801499
菏泽,0,18,0,18,0,371700,Heze,370000,亚洲,Asia,中国,China,山东省,山东,Shandong,241,758,0,511,6,,1583221801499
成都,48,143,0,92,3,510100,Chengdu,510000,亚洲,Asia,中国,China,四川省,四川,Sichuan,143,538,0,392,3,,1583220002483
甘孜州,28,78,0,50,0,513300,Garzê Tibetan Autonomous Prefecture,510000,亚洲,Asia,中国,China,四川省,四川,Sichuan,143,538,0,392,3,,1583220002483
达州,14,42,0,28,0,511700,Dazhou,510000,亚洲,Asia,中国,China,四川省,四川,Sichuan,143,538,0,392,3,,1583220002483
南充,10,39,0,29,0,511300,Nanchong,510000,亚洲,Asia,中国,China,四川省,四川,Sichuan,143,538,0,392,3,,1583220002483
巴中,8,24,0,16,0,511900,Bazhong,510000,亚洲,Asia,中国,China,四川省,四川,Sichuan,143,538,0,392,3,,1583220002483
德阳,7,18,0,11,0,510600,Deyang,510000,亚洲,Asia,中国,China,四川省,四川,Sichuan,143,538,0,392,3,,1583220002483
绵阳,6,22,0,16,0,510700,Mianyang,510000,亚洲,Asia,中国,China,四川省,四川,Sichuan,143,538,0,392,3,,1583220002483
广安,5,30,0,25,0,511600,Guang'an,510000,亚洲,Asia,中国,China,四川省,四川,Sichuan,143,538,0,392,3,,1583220002483
泸州,4,24,0,20,0,510500,Luzhou,510000,亚洲,Asia,中国,China,四川省,四川,Sichuan,143,538,0,392,3,,1583220002483
内江,4,22,0,18,0,511000,Neijiang,510000,亚洲,Asia,中国,China,四川省,四川,Sichuan,143,538,0,392,3,,1583220002483
遂宁,2,17,0,15,0,510900,Suining,510000,亚洲,Asia,中国,China,四川省,四川,Sichuan,143,538,0,392,3,,1583220002483
宜宾,2,12,0,10,0,511500,Yibin,510000,亚洲,Asia,中国,China,四川省,四川,Sichuan,143,538,0,392,3,,1583220002483
资阳,2,4,0,2,0,512000,Ziyang,510000,亚洲,Asia,中国,China,四川省,四川,Sichuan,143,538,0,392,3,,1583220002483
凉山州,1,13,0,12,0,513400,Liangshan Yi Autonomous Prefecture,510000,亚洲,Asia,中国,China,四川省,四川,Sichuan,143,538,0,392,3,,1583220002483
眉山,1,8,0,7,0,511400,Meishan,510000,亚洲,Asia,中国,China,四川省,四川,Sichuan,143,538,0,392,3,,1583220002483
雅安,1,7,0,6,0,511800,Ya'an,510000,亚洲,Asia,中国,China,四川省,四川,Sichuan,143,538,0,392,3,,1583220002483
攀枝花,0,16,0,16,0,510400,Panzhihua,510000,亚洲,Asia,中国,China,四川省,四川,Sichuan,143,538,0,392,3,,1583220002483
自贡,0,9,0,9,0,510300,Zigong,510000,亚洲,Asia,中国,China,四川省,四川,Sichuan,143,538,0,392,3,,1583220002483
广元,0,6,0,6,0,510800,Guangyuan,510000,亚洲,Asia,中国,China,四川省,四川,Sichuan,143,538,0,392,3,,1583220002483
乐山,0,3,0,3,0,511100,Leshan,510000,亚洲,Asia,中国,China,四川省,四川,Sichuan,143,538,0,392,3,,1583220002483
阿坝州,0,1,0,1,0,513200,Ngawa Tibetan and Qiang Autonomous Prefecture,510000,亚洲,Asia,中国,China,四川省,四川,Sichuan,143,538,0,392,3,,1583220002483
吐鲁番市,2,3,0,1,0,650400,Turpan,650000,亚洲,Asia,中国,China,新疆维吾尔自治区,新疆,Xinjiang,5,76,0,68,3,,1583220002483
乌鲁木齐,1,23,0,22,0,650100,Urumqi,650000,亚洲,Asia,中国,China,新疆维吾尔自治区,新疆,Xinjiang,5,76,0,68,3,,1583220002483
兵团第九师,1,4,0,2,1,0,Xinjiang Production and Construction Corps 9th Division,650000,亚洲,Asia,中国,China,新疆维吾尔自治区,新疆,Xinjiang,5,76,0,68,3,,1583220002483
昌吉州,1,4,0,3,0,0,Changji,650000,亚洲,Asia,中国,China,新疆维吾尔自治区,新疆,Xinjiang,5,76,0,68,3,,1583220002483
伊犁州,0,18,0,18,0,654000,Yili,650000,亚洲,Asia,中国,China,新疆维吾尔自治区,新疆,Xinjiang,5,76,0,68,3,,1583220002483
兵团第四师,0,10,0,9,1,0,Xinjiang Production and Construction Corps 4th Division,650000,亚洲,Asia,中国,China,新疆维吾尔自治区,新疆,Xinjiang,5,76,0,68,3,,1583220002483
兵团第八师石河子市,0,4,0,3,1,0,"Shihezi, Xinjiang Production and Construction Corps 8th Division",650000,亚洲,Asia,中国,China,新疆维吾尔自治区,新疆,Xinjiang,5,76,0,68,3,,1583220002483
巴州,0,3,0,3,0,511902,Bayingolin Mongol Autonomous Prefecture,650000,亚洲,Asia,中国,China,新疆维吾尔自治区,新疆,Xinjiang,5,76,0,68,3,,1583220002483
兵团第十二师,0,3,0,3,0,0,Xinjiang Production and Construction Corps 12th Division,650000,亚洲,Asia,中国,China,新疆维吾尔自治区,新疆,Xinjiang,5,76,0,68,3,,1583220002483
兵团第六师五家渠市,0,2,0,2,0,0,"Wujiaqu, Xinjiang Production and Construction Corps 5th Division",650000,亚洲,Asia,中国,China,新疆维吾尔自治区,新疆,Xinjiang,5,76,0,68,3,,1583220002483
兵团第七师,0,1,0,1,0,0,Xinjiang Production and Construction Corps 7th Division,650000,亚洲,Asia,中国,China,新疆维吾尔自治区,新疆,Xinjiang,5,76,0,68,3,,1583220002483
阿克苏地区,0,1,0,1,0,652900,Akesu,650000,亚洲,Asia,中国,China,新疆维吾尔自治区,新疆,Xinjiang,5,76,0,68,3,,1583220002483
长沙,54,242,0,186,2,430100,Changsha,430000,亚洲,Asia,中国,China,湖南省,湖南,Hunan,113,1018,0,901,4,,1583220002483
岳阳,29,156,0,126,1,430600,Yueyang,430000,亚洲,Asia,中国,China,湖南省,湖南,Hunan,113,1018,0,901,4,,1583220002483
株洲,11,80,0,69,0,430200,Zhuzhou,430000,亚洲,Asia,中国,China,湖南省,湖南,Hunan,113,1018,0,901,4,,1583220002483
娄底,10,76,0,66,0,431300,Loudi,430000,亚洲,Asia,中国,China,湖南省,湖南,Hunan,113,1018,0,901,4,,1583220002483
郴州,3,39,0,36,0,431000,Chenzhou,430000,亚洲,Asia,中国,China,湖南省,湖南,Hunan,113,1018,0,901,4,,1583220002483
常德,2,82,0,80,0,430700,Changde,430000,亚洲,Asia,中国,China,湖南省,湖南,Hunan,113,1018,0,901,4,,1583220002483
邵阳,1,102,0,100,1,430500,Shaoyang,430000,亚洲,Asia,中国,China,湖南省,湖南,Hunan,113,1018,0,901,4,,1583220002483
益阳,1,60,0,59,0,430900,Yiyang,430000,亚洲,Asia,中国,China,湖南省,湖南,Hunan,113,1018,0,901,4,,1583220002483
永州,1,44,0,43,0,431100,Yongzhou,430000,亚洲,Asia,中国,China,湖南省,湖南,Hunan,113,1018,0,901,4,,1583220002483
湘潭,1,36,0,35,0,430300,Xiangtan,430000,亚洲,Asia,中国,China,湖南省,湖南,Hunan,113,1018,0,901,4,,1583220002483
衡阳,0,48,0,48,0,430400,Hengyang,430000,亚洲,Asia,中国,China,湖南省,湖南,Hunan,113,1018,0,901,4,,1583220002483
怀化,0,40,0,40,0,431200,Huaihua,430000,亚洲,Asia,中国,China,湖南省,湖南,Hunan,113,1018,0,901,4,,1583220002483
湘西自治州,0,8,0,8,0,433100,Xiangxi,430000,亚洲,Asia,中国,China,湖南省,湖南,Hunan,113,1018,0,901,4,,1583220002483
张家界,0,5,0,5,0,430800,Zhangjiajie,430000,亚洲,Asia,中国,China,湖南省,湖南,Hunan,113,1018,0,901,4,,1583220002483
武汉,24112,49426,0,23063,2251,420100,Wuhan,420000,亚洲,Asia,中国,China,湖北省,湖北,Hubei,28184,67217,0,36199,2834,,1583219592882
孝感,838,3518,0,2560,120,420900,Xiaogan,420000,亚洲,Asia,中国,China,湖北省,湖北,Hubei,28184,67217,0,36199,2834,,1583219592882
鄂州,503,1391,0,840,48,420700,Ezhou,420000,亚洲,Asia,中国,China,湖北省,湖北,Hubei,28184,67217,0,36199,2834,,1583219592882
黄冈,445,2907,0,2343,119,421100,Huanggang,420000,亚洲,Asia,中国,China,湖北省,湖北,Hubei,28184,67217,0,36199,2834,,1583219592882
荆州,388,1580,0,1144,48,421000,Jingzhou,420000,亚洲,Asia,中国,China,湖北省,湖北,Hubei,28184,67217,0,36199,2834,,1583219592882
随州,372,1307,0,893,42,421300,Suizhou,420000,亚洲,Asia,中国,China,湖北省,湖北,Hubei,28184,67217,0,36199,2834,,1583219592882
宜昌,316,931,0,583,32,420500,Yichang,420000,亚洲,Asia,中国,China,湖北省,湖北,Hubei,28184,67217,0,36199,2834,,1583219592882
荆门,239,928,0,650,39,420800,Jingmen,420000,亚洲,Asia,中国,China,湖北省,湖北,Hubei,28184,67217,0,36199,2834,,1583219592882
襄阳,228,1175,0,913,34,420600,Xiangyang,420000,亚洲,Asia,中国,China,湖北省,湖北,Hubei,28184,67217,0,36199,2834,,1583219592882
黄石,227,1014,0,752,35,420200,Huangshi,420000,亚洲,Asia,中国,China,湖北省,湖北,Hubei,28184,67217,0,36199,2834,,1583219592882
十堰,174,672,0,491,7,420300,Shiyan,420000,亚洲,Asia,中国,China,湖北省,湖北,Hubei,28184,67217,0,36199,2834,,1583219592882
仙桃,88,575,0,467,20,429004,Xiantao,420000,亚洲,Asia,中国,China,湖北省,湖北,Hubei,28184,67217,0,36199,2834,,1583219592882
咸宁,75,836,0,749,12,421200,Xianning,420000,亚洲,Asia,中国,China,湖北省,湖北,Hubei,28184,67217,0,36199,2834,,1583219592882
天门,68,496,0,414,14,429006,Tianmen,420000,亚洲,Asia,中国,China,湖北省,湖北,Hubei,28184,67217,0,36199,2834,,1583219592882
潜江,61,198,0,128,9,429005,Qianjiang,420000,亚洲,Asia,中国,China,湖北省,湖北,Hubei,28184,67217,0,36199,2834,,1583219592882
恩施州,50,252,0,198,4,422800,Enshi Tujia and Miao Autonomous Prefecture,420000,亚洲,Asia,中国,China,湖北省,湖北,Hubei,28184,67217,0,36199,2834,,1583219592882
神农架林区,0,11,0,11,0,429021,Shennongjia,420000,亚洲,Asia,中国,China,湖北省,湖北,Hubei,28184,67217,0,36199,2834,,1583219592882
大连,4,19,0,15,0,210200,Dalian,210000,亚洲,Asia,中国,China,辽宁省,辽宁,Liaoning,20,125,0,104,1,,1583215963780
葫芦岛,4,12,0,7,1,211400,Huludao,210000,亚洲,Asia,中国,China,辽宁省,辽宁,Liaoning,20,125,0,104,1,,1583215963780
丹东,4,11,0,7,0,210600,Dandong,210000,亚洲,Asia,中国,China,辽宁省,辽宁,Liaoning,20,125,0,104,1,,1583215963780
沈阳,3,28,0,25,0,210100,Shenyang,210000,亚洲,Asia,中国,China,辽宁省,辽宁,Liaoning,20,125,0,104,1,,1583215963780
朝阳,2,6,0,4,0,211300,Chaoyang,210000,亚洲,Asia,中国,China,辽宁省,辽宁,Liaoning,20,125,0,104,1,,1583215963780
鞍山,2,4,0,2,0,210300,Anshan,210000,亚洲,Asia,中国,China,辽宁省,辽宁,Liaoning,20,125,0,104,1,,1583215963780
铁岭,1,7,0,6,0,211200,Tieling,210000,亚洲,Asia,中国,China,辽宁省,辽宁,Liaoning,20,125,0,104,1,,1583215963780
锦州,0,12,0,12,0,210700,Jinzhou,210000,亚洲,Asia,中国,China,辽宁省,辽宁,Liaoning,20,125,0,104,1,,1583215963780
盘锦,0,11,0,11,0,211100,Panjin,210000,亚洲,Asia,中国,China,辽宁省,辽宁,Liaoning,20,125,0,104,1,,1583215963780
阜新,0,8,0,8,0,210900,Fuxin,210000,亚洲,Asia,中国,China,辽宁省,辽宁,Liaoning,20,125,0,104,1,,1583215963780
本溪,0,3,0,3,0,210500,Benxi,210000,亚洲,Asia,中国,China,辽宁省,辽宁,Liaoning,20,125,0,104,1,,1583215963780
辽阳,0,3,0,3,0,211000,Liaoyang,210000,亚洲,Asia,中国,China,辽宁省,辽宁,Liaoning,20,125,0,104,1,,1583215963780
营口,0,1,0,1,0,210800,Yingkou,210000,亚洲,Asia,中国,China,辽宁省,辽宁,Liaoning,20,125,0,104,1,,1583215963780
唐山,7,58,0,50,1,130200,Tangshan,130000,亚洲,Asia,中国,China,河北省,河北,Hebei,13,318,0,299,6,,1583215963780
张家口,4,41,0,37,0,130700,Zhangjiakou,130000,亚洲,Asia,中国,China,河北省,河北,Hebei,13,318,0,299,6,,1583215963780
邯郸,1,32,0,31,0,130400,Handan,130000,亚洲,Asia,中国,China,河北省,河北,Hebei,13,318,0,299,6,,1583215963780
石家庄,1,29,0,28,0,130100,Shijiazhuang,130000,亚洲,Asia,中国,China,河北省,河北,Hebei,13,318,0,299,6,,1583215963780
沧州,0,48,0,45,3,130900,Cangzhou,130000,亚洲,Asia,中国,China,河北省,河北,Hebei,13,318,0,299,6,,1583215963780
保定,0,32,0,32,0,130600,Baoding,130000,亚洲,Asia,中国,China,河北省,河北,Hebei,13,318,0,299,6,,1583215963780
廊坊,0,30,0,30,0,131000,Langfang,130000,亚洲,Asia,中国,China,河北省,河北,Hebei,13,318,0,299,6,,1583215963780
邢台,0,23,0,22,1,130500,Xingtai,130000,亚洲,Asia,中国,China,河北省,河北,Hebei,13,318,0,299,6,,1583215963780
秦皇岛,0,10,0,9,1,130300,Qinhuangdao,130000,亚洲,Asia,中国,China,河北省,河北,Hebei,13,318,0,299,6,,1583215963780
衡水,0,8,0,8,0,131100,Hengshui,130000,亚洲,Asia,中国,China,河北省,河北,Hebei,13,318,0,299,6,,1583215963780
承德,0,7,0,7,0,130800,Chengde,130000,亚洲,Asia,中国,China,河北省,河北,Hebei,13,318,0,299,6,,1583215963780
温州,47,504,0,456,1,330300,Wenzhou,330000,亚洲,Asia,中国,China,浙江省,浙江,Zhejiang,130,1213,0,1082,1,丽水：确诊病例含8例境外输入病例；浙江：本省累计治愈1074，外省累计治愈12；杭州：本地累计治愈158，外省累计治愈12,1583215963780
台州,26,146,0,120,0,331000,Taizhou,330000,亚洲,Asia,中国,China,浙江省,浙江,Zhejiang,130,1213,0,1082,1,丽水：确诊病例含8例境外输入病例；浙江：本省累计治愈1074，外省累计治愈12；杭州：本地累计治愈158，外省累计治愈12,1583215963780
省十里丰监狱,21,36,0,15,0,0,Shilifeng Prison,330000,亚洲,Asia,中国,China,浙江省,浙江,Zhejiang,130,1213,0,1082,1,丽水：确诊病例含8例境外输入病例；浙江：本省累计治愈1074，外省累计治愈12；杭州：本地累计治愈158，外省累计治愈12,1583215963780
杭州,11,169,0,158,0,330100,Hangzhou,330000,亚洲,Asia,中国,China,浙江省,浙江,Zhejiang,130,1213,0,1082,1,丽水：确诊病例含8例境外输入病例；浙江：本省累计治愈1074，外省累计治愈12；杭州：本地累计治愈158，外省累计治愈12,1583215963780
丽水,8,25,0,17,0,331100,Lishui,330000,亚洲,Asia,中国,China,浙江省,浙江,Zhejiang,130,1213,0,1082,1,丽水：确诊病例含8例境外输入病例；浙江：本省累计治愈1074，外省累计治愈12；杭州：本地累计治愈158，外省累计治愈12,1583215963780
宁波,6,157,0,151,0,330200,Ningbo,330000,亚洲,Asia,中国,China,浙江省,浙江,Zhejiang,130,1213,0,1082,1,丽水：确诊病例含8例境外输入病例；浙江：本省累计治愈1074，外省累计治愈12；杭州：本地累计治愈158，外省累计治愈12,1583215963780
嘉兴,4,45,0,41,0,330400,Jiaxing,330000,亚洲,Asia,中国,China,浙江省,浙江,Zhejiang,130,1213,0,1082,1,丽水：确诊病例含8例境外输入病例；浙江：本省累计治愈1074，外省累计治愈12；杭州：本地累计治愈158，外省累计治愈12,1583215963780
绍兴,4,42,0,38,0,330600,Shaoxing,330000,亚洲,Asia,中国,China,浙江省,浙江,Zhejiang,130,1213,0,1082,1,丽水：确诊病例含8例境外输入病例；浙江：本省累计治愈1074，外省累计治愈12；杭州：本地累计治愈158，外省累计治愈12,1583215963780
衢州,2,14,0,12,0,330800,Quzhou,330000,亚洲,Asia,中国,China,浙江省,浙江,Zhejiang,130,1213,0,1082,1,丽水：确诊病例含8例境外输入病例；浙江：本省累计治愈1074，外省累计治愈12；杭州：本地累计治愈158，外省累计治愈12,1583215963780
金华,1,55,0,54,0,330700,Jinhua,330000,亚洲,Asia,中国,China,浙江省,浙江,Zhejiang,130,1213,0,1082,1,丽水：确诊病例含8例境外输入病例；浙江：本省累计治愈1074，外省累计治愈12；杭州：本地累计治愈158，外省累计治愈12,1583215963780
舟山,0,10,0,10,0,330900,Zhoushan,330000,亚洲,Asia,中国,China,浙江省,浙江,Zhejiang,130,1213,0,1082,1,丽水：确诊病例含8例境外输入病例；浙江：本省累计治愈1074，外省累计治愈12；杭州：本地累计治愈158，外省累计治愈12,1583215963780
湖州,0,10,0,10,0,330500,Huzhou,330000,亚洲,Asia,中国,China,浙江省,浙江,Zhejiang,130,1213,0,1082,1,丽水：确诊病例含8例境外输入病例；浙江：本省累计治愈1074，外省累计治愈12；杭州：本地累计治愈158，外省累计治愈12,1583215963780
开封,8,26,0,18,0,410200,Kaifeng,410000,亚洲,Asia,中国,China,河南省,河南,Henan,25,1272,0,1225,22,,1583215963780
安阳,6,53,0,47,0,410500,Anyang,410000,亚洲,Asia,中国,China,河南省,河南,Henan,25,1272,0,1225,22,,1583215963780
信阳,5,274,0,267,2,411500,Xinyang,410000,亚洲,Asia,中国,China,河南省,河南,Henan,25,1272,0,1225,22,,1583215963780
周口,5,76,0,70,1,411600,Zhoukou,410000,亚洲,Asia,中国,China,河南省,河南,Henan,25,1272,0,1225,22,,1583215963780
郑州,4,157,0,148,5,410100,Zhengzhou,410000,亚洲,Asia,中国,China,河南省,河南,Henan,25,1272,0,1225,22,,1583215963780
南阳,4,156,0,149,3,411300,Nanyang,410000,亚洲,Asia,中国,China,河南省,河南,Henan,25,1272,0,1225,22,,1583215963780
新乡,1,57,0,53,3,410700,Xinxiang,410000,亚洲,Asia,中国,China,河南省,河南,Henan,25,1272,0,1225,22,,1583215963780
漯河,1,35,0,34,0,411100,Luohe,410000,亚洲,Asia,中国,China,河南省,河南,Henan,25,1272,0,1225,22,,1583215963780
濮阳,1,17,0,16,0,410900,Puyang,410000,亚洲,Asia,中国,China,河南省,河南,Henan,25,1272,0,1225,22,,1583215963780
济源,1,5,0,4,0,419001,Jiyuan,410000,亚洲,Asia,中国,China,河南省,河南,Henan,25,1272,0,1225,22,,1583215963780
驻马店,0,139,0,139,0,411700,Zhumadian,410000,亚洲,Asia,中国,China,河南省,河南,Henan,25,1272,0,1225,22,,1583215963780
商丘,0,91,0,88,3,411400,Shangqiu,410000,亚洲,Asia,中国,China,河南省,河南,Henan,25,1272,0,1225,22,,1583215963780
平顶山,0,58,0,57,1,410400,Pingdingshan,410000,亚洲,Asia,中国,China,河南省,河南,Henan,25,1272,0,1225,22,,1583215963780
许昌,0,39,0,38,1,411000,Xuchang,410000,亚洲,Asia,中国,China,河南省,河南,Henan,25,1272,0,1225,22,,1583215963780
焦作,0,32,0,31,1,410800,Jiaozuo,410000,亚洲,Asia,中国,China,河南省,河南,Henan,25,1272,0,1225,22,,1583215963780
洛阳,0,31,0,30,1,410300,Luoyang,410000,亚洲,Asia,中国,China,河南省,河南,Henan,25,1272,0,1225,22,,1583215963780
鹤壁,0,19,0,19,0,410600,Hebi,410000,亚洲,Asia,中国,China,河南省,河南,Henan,25,1272,0,1225,22,,1583215963780
三门峡,0,7,0,6,1,411200,Sanmenxia,410000,亚洲,Asia,中国,China,河南省,河南,Henan,25,1272,0,1225,22,,1583215963780
待明确地区,-11,0,0,11,0,0,Area not defined,410000,亚洲,Asia,中国,China,河南省,河南,Henan,25,1272,0,1225,22,,1583215963780
南京,25,93,0,68,0,320100,Nanjing,320000,亚洲,Asia,中国,China,江苏省,江苏,Jiangsu,75,631,0,556,0,,1583206982315
苏州,20,87,0,67,0,320500,Suzhou,320000,亚洲,Asia,中国,China,江苏省,江苏,Jiangsu,75,631,0,556,0,,1583206982315
徐州,8,79,0,71,0,320300,Xuzhou,320000,亚洲,Asia,中国,China,江苏省,江苏,Jiangsu,75,631,0,556,0,,1583206982315
淮安,8,66,0,58,0,320800,Huainan,320000,亚洲,Asia,中国,China,江苏省,江苏,Jiangsu,75,631,0,556,0,,1583206982315
连云港,7,48,0,41,0,320700,Lianyungang,320000,亚洲,Asia,中国,China,江苏省,江苏,Jiangsu,75,631,0,556,0,,1583206982315
无锡,5,55,0,50,0,320200,Wuxi,320000,亚洲,Asia,中国,China,江苏省,江苏,Jiangsu,75,631,0,556,0,,1583206982315
常州,1,51,0,50,0,320400,Changzhou,320000,亚洲,Asia,中国,China,江苏省,江苏,Jiangsu,75,631,0,556,0,,1583206982315
镇江,1,12,0,11,0,321100,Zhenjiang,320000,亚洲,Asia,中国,China,江苏省,江苏,Jiangsu,75,631,0,556,0,,1583206982315
南通,0,40,0,40,0,320600,Nantong,320000,亚洲,Asia,中国,China,江苏省,江苏,Jiangsu,75,631,0,556,0,,1583206982315
泰州,0,37,0,37,0,321200,Taizhou,320000,亚洲,Asia,中国,China,江苏省,江苏,Jiangsu,75,631,0,556,0,,1583206982315
盐城,0,27,0,27,0,320900,Yancheng,320000,亚洲,Asia,中国,China,江苏省,江苏,Jiangsu,75,631,0,556,0,,1583206982315
扬州,0,23,0,23,0,321000,Yangzhou,320000,亚洲,Asia,中国,China,江苏省,江苏,Jiangsu,75,631,0,556,0,,1583206982315
宿迁,0,13,0,13,0,321300,Suqian,320000,亚洲,Asia,中国,China,江苏省,江苏,Jiangsu,75,631,0,556,0,,1583206982315
外地来沪人员,15,112,0,96,1,-1,People from other cities,310000,亚洲,Asia,中国,China,上海市,上海,Shanghai,41,338,0,294,3,部分治愈或死亡病例省级卫健委未明确其市区归属，归入待明确地区。,1583206680452
浦东新区,8,60,0,52,0,310115,Pudong District,310000,亚洲,Asia,中国,China,上海市,上海,Shanghai,41,338,0,294,3,部分治愈或死亡病例省级卫健委未明确其市区归属，归入待明确地区。,1583206680452
宝山区,6,21,0,15,0,310113,Baoshan District,310000,亚洲,Asia,中国,China,上海市,上海,Shanghai,41,338,0,294,3,部分治愈或死亡病例省级卫健委未明确其市区归属，归入待明确地区。,1583206680452
徐汇区,2,18,0,16,0,310104,Xuhui District,310000,亚洲,Asia,中国,China,上海市,上海,Shanghai,41,338,0,294,3,部分治愈或死亡病例省级卫健委未明确其市区归属，归入待明确地区。,1583206680452
静安区,2,16,0,14,0,310106,Jing'an District,310000,亚洲,Asia,中国,China,上海市,上海,Shanghai,41,338,0,294,3,部分治愈或死亡病例省级卫健委未明确其市区归属，归入待明确地区。,1583206680452
松江区,2,14,0,12,0,310117,Songjiang District,310000,亚洲,Asia,中国,China,上海市,上海,Shanghai,41,338,0,294,3,部分治愈或死亡病例省级卫健委未明确其市区归属，归入待明确地区。,1583206680452
嘉定区,2,9,0,7,0,310114,Jiading District,310000,亚洲,Asia,中国,China,上海市,上海,Shanghai,41,338,0,294,3,部分治愈或死亡病例省级卫健委未明确其市区归属，归入待明确地区。,1583206680452
黄浦区,2,6,0,4,0,310101,Huangpu District,310000,亚洲,Asia,中国,China,上海市,上海,Shanghai,41,338,0,294,3,部分治愈或死亡病例省级卫健委未明确其市区归属，归入待明确地区。,1583206680452
闵行区,1,19,0,18,0,310112,Minhang District,310000,亚洲,Asia,中国,China,上海市,上海,Shanghai,41,338,0,294,3,部分治愈或死亡病例省级卫健委未明确其市区归属，归入待明确地区。,1583206680452
普陀区,1,11,0,10,0,310107,Putuo District,310000,亚洲,Asia,中国,China,上海市,上海,Shanghai,41,338,0,294,3,部分治愈或死亡病例省级卫健委未明确其市区归属，归入待明确地区。,1583206680452
奉贤区,1,9,0,8,0,310120,Fengxian District,310000,亚洲,Asia,中国,China,上海市,上海,Shanghai,41,338,0,294,3,部分治愈或死亡病例省级卫健委未明确其市区归属，归入待明确地区。,1583206680452
虹口区,1,7,0,6,0,310109,Hongkou District,310000,亚洲,Asia,中国,China,上海市,上海,Shanghai,41,338,0,294,3,部分治愈或死亡病例省级卫健委未明确其市区归属，归入待明确地区。,1583206680452
青浦区,1,6,0,5,0,310118,Qingpu District,310000,亚洲,Asia,中国,China,上海市,上海,Shanghai,41,338,0,294,3,部分治愈或死亡病例省级卫健委未明确其市区归属，归入待明确地区。,1583206680452
金山区,1,4,0,3,0,310116,Jinshan District,310000,亚洲,Asia,中国,China,上海市,上海,Shanghai,41,338,0,294,3,部分治愈或死亡病例省级卫健委未明确其市区归属，归入待明确地区。,1583206680452
崇明区,1,4,0,3,0,310151,Chongming District,310000,亚洲,Asia,中国,China,上海市,上海,Shanghai,41,338,0,294,3,部分治愈或死亡病例省级卫健委未明确其市区归属，归入待明确地区。,1583206680452
长宁区,0,13,0,13,0,310105,Changning District,310000,亚洲,Asia,中国,China,上海市,上海,Shanghai,41,338,0,294,3,部分治愈或死亡病例省级卫健委未明确其市区归属，归入待明确地区。,1583206680452
杨浦区,0,9,0,9,0,310110,Yangpu District,310000,亚洲,Asia,中国,China,上海市,上海,Shanghai,41,338,0,294,3,部分治愈或死亡病例省级卫健委未明确其市区归属，归入待明确地区。,1583206680452
待明确地区,-5,0,0,3,2,0,Area not defined,310000,亚洲,Asia,中国,China,上海市,上海,Shanghai,41,338,0,294,3,部分治愈或死亡病例省级卫健委未明确其市区归属，归入待明确地区。,1583206680452
昆明,1,53,0,52,0,530100,Kunming,530000,亚洲,Asia,中国,China,云南省,云南,Yunnan,3,174,0,169,2,,1583206680452
曲靖,1,13,0,12,0,530300,Qujing,530000,亚洲,Asia,中国,China,云南省,云南,Yunnan,3,174,0,169,2,,1583206680452
德宏州,1,5,0,4,0,0,Dehong,530000,亚洲,Asia,中国,China,云南省,云南,Yunnan,3,174,0,169,2,,1583206680452
昭通,0,25,0,25,0,530600,Zhaotong,530000,亚洲,Asia,中国,China,云南省,云南,Yunnan,3,174,0,169,2,,1583206680452
西双版纳,0,15,0,14,1,532800,Xishuangbanna,530000,亚洲,Asia,中国,China,云南省,云南,Yunnan,3,174,0,169,2,,1583206680452
玉溪,0,14,0,13,1,530400,Yuxi,530000,亚洲,Asia,中国,China,云南省,云南,Yunnan,3,174,0,169,2,,1583206680452
大理州,0,13,0,13,0,0,Dali,530000,亚洲,Asia,中国,China,云南省,云南,Yunnan,3,174,0,169,2,,1583206680452
红河州,0,9,0,9,0,0,Honghe,530000,亚洲,Asia,中国,China,云南省,云南,Yunnan,3,174,0,169,2,,1583206680452
保山,0,9,0,9,0,530500,Baoshan,530000,亚洲,Asia,中国,China,云南省,云南,Yunnan,3,174,0,169,2,,1583206680452
丽江,0,7,0,7,0,530700,Lijiang,530000,亚洲,Asia,中国,China,云南省,云南,Yunnan,3,174,0,169,2,,1583206680452
普洱,0,4,0,4,0,530800,Pu'er,530000,亚洲,Asia,中国,China,云南省,云南,Yunnan,3,174,0,169,2,,1583206680452
楚雄州,0,4,0,4,0,0,Chuxiong,530000,亚洲,Asia,中国,China,云南省,云南,Yunnan,3,174,0,169,2,,1583206680452
文山州,0,2,0,2,0,0,Wenshan,530000,亚洲,Asia,中国,China,云南省,云南,Yunnan,3,174,0,169,2,,1583206680452
临沧,0,1,0,1,0,530900,Lincang,530000,亚洲,Asia,中国,China,云南省,云南,Yunnan,3,174,0,169,2,,1583206680452
宝坻区,13,60,0,45,2,120115,Baodi District,120000,亚洲,Asia,中国,China,天津市,天津,Tianjin,15,136,0,118,3,,1583201462058
河北区,2,12,0,10,0,120105,Hebei District,120000,亚洲,Asia,中国,China,天津市,天津,Tianjin,15,136,0,118,3,,1583201462058
南开区,2,6,0,4,0,120104,Nankai District,120000,亚洲,Asia,中国,China,天津市,天津,Tianjin,15,136,0,118,3,,1583201462058
河东区,1,15,0,13,1,120102,Hedong District,120000,亚洲,Asia,中国,China,天津市,天津,Tianjin,15,136,0,118,3,,1583201462058
北辰区,1,6,0,5,0,120113,Beichen District,120000,亚洲,Asia,中国,China,天津市,天津,Tianjin,15,136,0,118,3,,1583201462058
和平区,1,6,0,5,0,120101,Heping District,120000,亚洲,Asia,中国,China,天津市,天津,Tianjin,15,136,0,118,3,,1583201462058
宁河区,1,4,0,3,0,120117,Ninghe District,120000,亚洲,Asia,中国,China,天津市,天津,Tianjin,15,136,0,118,3,,1583201462058
津南区,1,2,0,1,0,120112,Jinnan District,120000,亚洲,Asia,中国,China,天津市,天津,Tianjin,15,136,0,118,3,,1583201462058
外地来津人员,0,6,0,6,0,0,People from other cities,120000,亚洲,Asia,中国,China,天津市,天津,Tianjin,15,136,0,118,3,,1583201462058
东丽区,0,4,0,4,0,120110,Dongli District,120000,亚洲,Asia,中国,China,天津市,天津,Tianjin,15,136,0,118,3,,1583201462058
河西区,0,4,0,4,0,120103,Hexi District,120000,亚洲,Asia,中国,China,天津市,天津,Tianjin,15,136,0,118,3,,1583201462058
西青区,0,4,0,4,0,120111,Xiqing District,120000,亚洲,Asia,中国,China,天津市,天津,Tianjin,15,136,0,118,3,,1583201462058
滨海新区,0,3,0,3,0,120116,Binhai New Area,120000,亚洲,Asia,中国,China,天津市,天津,Tianjin,15,136,0,118,3,,1583201462058
武清区,0,2,0,2,0,120114,Wuqing District,120000,亚洲,Asia,中国,China,天津市,天津,Tianjin,15,136,0,118,3,,1583201462058
红桥区,0,2,0,2,0,120106,Hongqiao District,120000,亚洲,Asia,中国,China,天津市,天津,Tianjin,15,136,0,118,3,,1583201462058
待明确地区,-7,0,0,7,0,0,Area not defined,120000,亚洲,Asia,中国,China,天津市,天津,Tianjin,15,136,0,118,3,,1583201462058
朝阳区,71,71,0,0,0,110105,Chaoyang District,110000,亚洲,Asia,中国,China,北京市,北京,Beijing,118,414,0,288,8,北京卫健委未明确大部分治愈与死亡病例的分区归属，因此北京市下辖分区的现存确诊暂无法获取。,1583200682351
海淀区,63,63,0,0,0,110108,Haidian District,110000,亚洲,Asia,中国,China,北京市,北京,Beijing,118,414,0,288,8,北京卫健委未明确大部分治愈与死亡病例的分区归属，因此北京市下辖分区的现存确诊暂无法获取。,1583200682351
西城区,53,53,0,0,0,110102,Xicheng District,110000,亚洲,Asia,中国,China,北京市,北京,Beijing,118,414,0,288,8,北京卫健委未明确大部分治愈与死亡病例的分区归属，因此北京市下辖分区的现存确诊暂无法获取。,1583200682351
丰台区,39,42,0,3,0,110106,Fengtai District,110000,亚洲,Asia,中国,China,北京市,北京,Beijing,118,414,0,288,8,北京卫健委未明确大部分治愈与死亡病例的分区归属，因此北京市下辖分区的现存确诊暂无法获取。,1583200682351
大兴区,37,39,0,2,0,110115,Daxing District,110000,亚洲,Asia,中国,China,北京市,北京,Beijing,118,414,0,288,8,北京卫健委未明确大部分治愈与死亡病例的分区归属，因此北京市下辖分区的现存确诊暂无法获取。,1583200682351
昌平区,29,29,0,0,0,110114,Changping District,110000,亚洲,Asia,中国,China,北京市,北京,Beijing,118,414,0,288,8,北京卫健委未明确大部分治愈与死亡病例的分区归属，因此北京市下辖分区的现存确诊暂无法获取。,1583200682351
外地来京人员,23,25,0,2,0,-1,People from other cities,110000,亚洲,Asia,中国,China,北京市,北京,Beijing,118,414,0,288,8,北京卫健委未明确大部分治愈与死亡病例的分区归属，因此北京市下辖分区的现存确诊暂无法获取。,1583200682351
通州区,18,19,0,1,0,110112,Tongzhou District,110000,亚洲,Asia,中国,China,北京市,北京,Beijing,118,414,0,288,8,北京卫健委未明确大部分治愈与死亡病例的分区归属，因此北京市下辖分区的现存确诊暂无法获取。,1583200682351
房山区,13,16,0,3,0,110111,Fangshan District,110000,亚洲,Asia,中国,China,北京市,北京,Beijing,118,414,0,288,8,北京卫健委未明确大部分治愈与死亡病例的分区归属，因此北京市下辖分区的现存确诊暂无法获取。,1583200682351
石景山区,13,14,0,1,0,110107,Shijingshan District,110000,亚洲,Asia,中国,China,北京市,北京,Beijing,118,414,0,288,8,北京卫健委未明确大部分治愈与死亡病例的分区归属，因此北京市下辖分区的现存确诊暂无法获取。,1583200682351
东城区,12,13,0,1,0,110101,Dongcheng District,110000,亚洲,Asia,中国,China,北京市,北京,Beijing,118,414,0,288,8,北京卫健委未明确大部分治愈与死亡病例的分区归属，因此北京市下辖分区的现存确诊暂无法获取。,1583200682351
顺义区,10,10,0,0,0,110113,Shunyi District,110000,亚洲,Asia,中国,China,北京市,北京,Beijing,118,414,0,288,8,北京卫健委未明确大部分治愈与死亡病例的分区归属，因此北京市下辖分区的现存确诊暂无法获取。,1583200682351
怀柔区,7,7,0,0,0,110116,Huairou District,110000,亚洲,Asia,中国,China,北京市,北京,Beijing,118,414,0,288,8,北京卫健委未明确大部分治愈与死亡病例的分区归属，因此北京市下辖分区的现存确诊暂无法获取。,1583200682351
密云区,7,7,0,0,0,110118,Miyun District,110000,亚洲,Asia,中国,China,北京市,北京,Beijing,118,414,0,288,8,北京卫健委未明确大部分治愈与死亡病例的分区归属，因此北京市下辖分区的现存确诊暂无法获取。,1583200682351
境外输入人员,2,2,0,0,0,0,,110000,亚洲,Asia,中国,China,北京市,北京,Beijing,118,414,0,288,8,北京卫健委未明确大部分治愈与死亡病例的分区归属，因此北京市下辖分区的现存确诊暂无法获取。,1583200682351
门头沟区,1,3,0,2,0,110109,Mentougou District,110000,亚洲,Asia,中国,China,北京市,北京,Beijing,118,414,0,288,8,北京卫健委未明确大部分治愈与死亡病例的分区归属，因此北京市下辖分区的现存确诊暂无法获取。,1583200682351
延庆区,1,1,0,0,0,110119,Yanqing District,110000,亚洲,Asia,中国,China,北京市,北京,Beijing,118,414,0,288,8,北京卫健委未明确大部分治愈与死亡病例的分区归属，因此北京市下辖分区的现存确诊暂无法获取。,1583200682351
待明确地区,-281,0,0,273,8,0,Area not defined,110000,亚洲,Asia,中国,China,北京市,北京,Beijing,118,414,0,288,8,北京卫健委未明确大部分治愈与死亡病例的分区归属，因此北京市下辖分区的现存确诊暂无法获取。,1583200682351
九江,20,118,0,98,0,360400,Jiujiang,360000,亚洲,Asia,中国,China,江西省,江西,Jiangxi,64,935,0,870,1,,1583200682351
南昌,14,230,0,216,0,360100,Nanchang,360000,亚洲,Asia,中国,China,江西省,江西,Jiangxi,64,935,0,870,1,,1583200682351
新余,8,130,0,122,0,360500,Xinyu,360000,亚洲,Asia,中国,China,江西省,江西,Jiangxi,64,935,0,870,1,,1583200682351
萍乡,8,33,0,25,0,360300,Pingxiang,360000,亚洲,Asia,中国,China,江西省,江西,Jiangxi,64,935,0,870,1,,1583200682351
上饶,3,123,0,120,0,361100,Shangrao,360000,亚洲,Asia,中国,China,江西省,江西,Jiangxi,64,935,0,870,1,,1583200682351
鹰潭,3,18,0,15,0,360600,Yingtan,360000,亚洲,Asia,中国,China,江西省,江西,Jiangxi,64,935,0,870,1,,1583200682351
赣州,2,76,0,73,1,360700,Ganzhou,360000,亚洲,Asia,中国,China,江西省,江西,Jiangxi,64,935,0,870,1,,1583200682351
抚州,2,72,0,70,0,361000,Fuzhou,360000,亚洲,Asia,中国,China,江西省,江西,Jiangxi,64,935,0,870,1,,1583200682351
吉安,2,22,0,20,0,360800,Ji'an,360000,亚洲,Asia,中国,China,江西省,江西,Jiangxi,64,935,0,870,1,,1583200682351
宜春,1,106,0,105,0,360900,Yichun,360000,亚洲,Asia,中国,China,江西省,江西,Jiangxi,64,935,0,870,1,,1583200682351
景德镇,1,6,0,5,0,360200,Jingdezhen,360000,亚洲,Asia,中国,China,江西省,江西,Jiangxi,64,935,0,870,1,,1583200682351
赣江新区,0,1,0,1,0,0,Ganjiang New District,360000,亚洲,Asia,中国,China,江西省,江西,Jiangxi,64,935,0,870,1,,1583200682351
河池,14,28,0,13,1,451200,Hechi,450000,亚洲,Asia,中国,China,广西壮族自治区,广西,Guangxi,48,252,0,202,2,,1583194631485
防城港,9,19,0,10,0,450600,Fangchenggang,450000,亚洲,Asia,中国,China,广西壮族自治区,广西,Guangxi,48,252,0,202,2,,1583194631485
柳州,7,24,0,17,0,450200,Liuzhou,450000,亚洲,Asia,中国,China,广西壮族自治区,广西,Guangxi,48,252,0,202,2,,1583194631485
来宾,7,11,0,4,0,451300,Laibin,450000,亚洲,Asia,中国,China,广西壮族自治区,广西,Guangxi,48,252,0,202,2,,1583194631485
北海,6,44,0,37,1,450500,Beihai,450000,亚洲,Asia,中国,China,广西壮族自治区,广西,Guangxi,48,252,0,202,2,,1583194631485
桂林,4,32,0,28,0,450300,Guilin,450000,亚洲,Asia,中国,China,广西壮族自治区,广西,Guangxi,48,252,0,202,2,,1583194631485
南宁,1,55,0,54,0,450100,Nanning,450000,亚洲,Asia,中国,China,广西壮族自治区,广西,Guangxi,48,252,0,202,2,,1583194631485
玉林,0,11,0,11,0,450900,Yulin,450000,亚洲,Asia,中国,China,广西壮族自治区,广西,Guangxi,48,252,0,202,2,,1583194631485
钦州,0,8,0,8,0,450700,Qinzhou,450000,亚洲,Asia,中国,China,广西壮族自治区,广西,Guangxi,48,252,0,202,2,,1583194631485
贵港,0,8,0,8,0,450800,Guigang,450000,亚洲,Asia,中国,China,广西壮族自治区,广西,Guangxi,48,252,0,202,2,,1583194631485
梧州,0,5,0,5,0,450400,Wuzhou,450000,亚洲,Asia,中国,China,广西壮族自治区,广西,Guangxi,48,252,0,202,2,,1583194631485
贺州,0,4,0,4,0,451100,Hezhou,450000,亚洲,Asia,中国,China,广西壮族自治区,广西,Guangxi,48,252,0,202,2,,1583194631485
百色,0,3,0,3,0,451000,Baise,450000,亚洲,Asia,中国,China,广西壮族自治区,广西,Guangxi,48,252,0,202,2,,1583194631485
哈尔滨,54,198,0,140,4,230100,Harbin,230000,亚洲,Asia,中国,China,黑龙江省,黑龙江,Heilongjiang,109,480,0,358,13,,1583194441798
鸡西,11,46,0,35,0,230300,Jixi,230000,亚洲,Asia,中国,China,黑龙江省,黑龙江,Heilongjiang,109,480,0,358,13,,1583194441798
双鸭山,10,52,0,39,3,230500,Shuangyashan,230000,亚洲,Asia,中国,China,黑龙江省,黑龙江,Heilongjiang,109,480,0,358,13,,1583194441798
绥化,8,47,0,35,4,231200,Suihua,230000,亚洲,Asia,中国,China,黑龙江省,黑龙江,Heilongjiang,109,480,0,358,13,,1583194441798
齐齐哈尔,7,43,0,35,1,230200,Qiqihar,230000,亚洲,Asia,中国,China,黑龙江省,黑龙江,Heilongjiang,109,480,0,358,13,,1583194441798
大庆,6,26,0,19,1,230600,Daqing,230000,亚洲,Asia,中国,China,黑龙江省,黑龙江,Heilongjiang,109,480,0,358,13,,1583194441798
牡丹江,5,14,0,9,0,231000,Mudanjiang,230000,亚洲,Asia,中国,China,黑龙江省,黑龙江,Heilongjiang,109,480,0,358,13,,1583194441798
七台河,4,17,0,13,0,230900,Qitaihe,230000,亚洲,Asia,中国,China,黑龙江省,黑龙江,Heilongjiang,109,480,0,358,13,,1583194441798
黑河,3,14,0,11,0,231100,Heihe,230000,亚洲,Asia,中国,China,黑龙江省,黑龙江,Heilongjiang,109,480,0,358,13,,1583194441798
鹤岗,1,5,0,4,0,230400,Hegang,230000,亚洲,Asia,中国,China,黑龙江省,黑龙江,Heilongjiang,109,480,0,358,13,,1583194441798
佳木斯,0,15,0,15,0,230800,Jiamusi,230000,亚洲,Asia,中国,China,黑龙江省,黑龙江,Heilongjiang,109,480,0,358,13,,1583194441798
大兴安岭,0,2,0,2,0,232700,Daxinganling,230000,亚洲,Asia,中国,China,黑龙江省,黑龙江,Heilongjiang,109,480,0,358,13,,1583194441798
伊春,0,1,0,1,0,230700,Yichun,230000,亚洲,Asia,中国,China,黑龙江省,黑龙江,Heilongjiang,109,480,0,358,13,,1583194441798
万州区,16,118,0,98,4,500101,Wanzhou District,500000,亚洲,Asia,中国,China,重庆市,重庆,Chongqing,101,576,0,469,6,,1583191861871
綦江区,8,23,0,15,0,500110,Qijiang District,500000,亚洲,Asia,中国,China,重庆市,重庆,Chongqing,101,576,0,469,6,,1583191861871
长寿区,7,22,0,15,0,500115,Changshou District,500000,亚洲,Asia,中国,China,重庆市,重庆,Chongqing,101,576,0,469,6,,1583191861871
潼南区,7,18,0,11,0,500152,Tongnan District,500000,亚洲,Asia,中国,China,重庆市,重庆,Chongqing,101,576,0,469,6,,1583191861871
南岸区,6,15,0,9,0,500108,Nan'an District,500000,亚洲,Asia,中国,China,重庆市,重庆,Chongqing,101,576,0,469,6,,1583191861871
江北区,5,28,0,23,0,500105,Jiangbei District,500000,亚洲,Asia,中国,China,重庆市,重庆,Chongqing,101,576,0,469,6,,1583191861871
垫江县,5,20,0,15,0,500231,Dianjiang County,500000,亚洲,Asia,中国,China,重庆市,重庆,Chongqing,101,576,0,469,6,,1583191861871
奉节县,4,22,0,18,0,500236,Fengjie County,500000,亚洲,Asia,中国,China,重庆市,重庆,Chongqing,101,576,0,469,6,,1583191861871
大足区,4,14,0,10,0,500111,Dazu District,500000,亚洲,Asia,中国,China,重庆市,重庆,Chongqing,101,576,0,469,6,,1583191861871
沙坪坝区,4,9,0,5,0,500106,Shapingba District,500000,亚洲,Asia,中国,China,重庆市,重庆,Chongqing,101,576,0,469,6,,1583191861871
合川区,3,23,0,20,0,500117,Hechuan District,500000,亚洲,Asia,中国,China,重庆市,重庆,Chongqing,101,576,0,469,6,,1583191861871
九龙坡区,3,21,0,17,1,500107,Jiulongpo District,500000,亚洲,Asia,中国,China,重庆市,重庆,Chongqing,101,576,0,469,6,,1583191861871
忠县,3,21,0,18,0,500233,Zhong County,500000,亚洲,Asia,中国,China,重庆市,重庆,Chongqing,101,576,0,469,6,,1583191861871
铜梁区,3,10,0,7,0,500151,Tongliang District,500000,亚洲,Asia,中国,China,重庆市,重庆,Chongqing,101,576,0,469,6,,1583191861871
丰都县,3,10,0,7,0,500230,Fengdu County,500000,亚洲,Asia,中国,China,重庆市,重庆,Chongqing,101,576,0,469,6,,1583191861871
云阳县,2,25,0,23,0,500235,Yunyang County,500000,亚洲,Asia,中国,China,重庆市,重庆,Chongqing,101,576,0,469,6,,1583191861871
渝中区,2,20,0,18,0,500103,Yuzhong District,500000,亚洲,Asia,中国,China,重庆市,重庆,Chongqing,101,576,0,469,6,,1583191861871
两江新区,2,17,0,15,0,-1,Liangjiang New Area,500000,亚洲,Asia,中国,China,重庆市,重庆,Chongqing,101,576,0,469,6,,1583191861871
石柱县,2,15,0,13,0,500240,Shizhu Tujia Autonomous County,500000,亚洲,Asia,中国,China,重庆市,重庆,Chongqing,101,576,0,469,6,,1583191861871
荣昌区,2,9,0,7,0,500153,Rongchang District,500000,亚洲,Asia,中国,China,重庆市,重庆,Chongqing,101,576,0,469,6,,1583191861871
巴南区,2,6,0,4,0,500113,Banan District,500000,亚洲,Asia,中国,China,重庆市,重庆,Chongqing,101,576,0,469,6,,1583191861871
涪陵区,2,5,0,3,0,500102,Fuling District,500000,亚洲,Asia,中国,China,重庆市,重庆,Chongqing,101,576,0,469,6,,1583191861871
开州区,1,21,0,19,1,500154,Kaizhou District,500000,亚洲,Asia,中国,China,重庆市,重庆,Chongqing,101,576,0,469,6,,1583191861871
渝北区,1,17,0,16,0,500112,Yubei District,500000,亚洲,Asia,中国,China,重庆市,重庆,Chongqing,101,576,0,469,6,,1583191861871
巫溪县,1,14,0,13,0,500238,Wuxi County,500000,亚洲,Asia,中国,China,重庆市,重庆,Chongqing,101,576,0,469,6,,1583191861871
巫山县,1,10,0,9,0,500237,Wushan County,500000,亚洲,Asia,中国,China,重庆市,重庆,Chongqing,101,576,0,469,6,,1583191861871
大渡口区,1,7,0,6,0,500104,Dadukou District,500000,亚洲,Asia,中国,China,重庆市,重庆,Chongqing,101,576,0,469,6,,1583191861871
彭水县,1,2,0,1,0,500243,Pengshui Miao and Tujia Autonomous County,500000,亚洲,Asia,中国,China,重庆市,重庆,Chongqing,101,576,0,469,6,,1583191861871
璧山区,0,9,0,9,0,500120,Bishan District,500000,亚洲,Asia,中国,China,重庆市,重庆,Chongqing,101,576,0,469,6,,1583191861871
永川区,0,5,0,5,0,500118,Yongchuan District,500000,亚洲,Asia,中国,China,重庆市,重庆,Chongqing,101,576,0,469,6,,1583191861871
江津区,0,4,0,4,0,500116,Jiangjin District,500000,亚洲,Asia,中国,China,重庆市,重庆,Chongqing,101,576,0,469,6,,1583191861871
梁平区,0,4,0,4,0,500155,Liangping District,500000,亚洲,Asia,中国,China,重庆市,重庆,Chongqing,101,576,0,469,6,,1583191861871
高新区,0,4,0,4,0,0,Chongqing High-tech Zone,500000,亚洲,Asia,中国,China,重庆市,重庆,Chongqing,101,576,0,469,6,,1583191861871
黔江区,0,2,0,2,0,500114,Qianjiang Tujia and Miao Autonomous County,500000,亚洲,Asia,中国,China,重庆市,重庆,Chongqing,101,576,0,469,6,,1583191861871
城口县,0,2,0,2,0,500229,Chengkou County,500000,亚洲,Asia,中国,China,重庆市,重庆,Chongqing,101,576,0,469,6,,1583191861871
武隆区,0,1,0,1,0,500156,Wulong District,500000,亚洲,Asia,中国,China,重庆市,重庆,Chongqing,101,576,0,469,6,,1583191861871
秀山县,0,1,0,1,0,500241,Xiushan Tujia and Miao Autonomous County,500000,亚洲,Asia,中国,China,重庆市,重庆,Chongqing,101,576,0,469,6,,1583191861871
酉阳县,0,1,0,1,0,0,Youyang Tujia and Miao Autonomous County,500000,亚洲,Asia,中国,China,重庆市,重庆,Chongqing,101,576,0,469,6,,1583191861871
万盛经开区,0,1,0,1,0,0,Wansheng District,500000,亚洲,Asia,中国,China,重庆市,重庆,Chongqing,101,576,0,469,6,,1583191861871
晋中,8,37,0,29,0,140700,Jinzhong,140000,亚洲,Asia,中国,China,山西省,山西,Shanxi,14,133,0,119,0,,1583191861871
大同,3,12,0,9,0,140200,Datong,140000,亚洲,Asia,中国,China,山西省,山西,Shanxi,14,133,0,119,0,,1583191861871
运城,1,19,0,18,0,140800,Yuncheng,140000,亚洲,Asia,中国,China,山西省,山西,Shanxi,14,133,0,119,0,,1583191861871
晋城,1,10,0,9,0,140500,Jincheng,140000,亚洲,Asia,中国,China,山西省,山西,Shanxi,14,133,0,119,0,,1583191861871
忻州,1,7,0,6,0,140900,Xinzhou,140000,亚洲,Asia,中国,China,山西省,山西,Shanxi,14,133,0,119,0,,1583191861871
太原,0,20,0,20,0,140100,Taiyuan,140000,亚洲,Asia,中国,China,山西省,山西,Shanxi,14,133,0,119,0,,1583191861871
长治,0,8,0,8,0,140400,Changzhi,140000,亚洲,Asia,中国,China,山西省,山西,Shanxi,14,133,0,119,0,,1583191861871
朔州,0,8,0,8,0,140600,Shuozhou,140000,亚洲,Asia,中国,China,山西省,山西,Shanxi,14,133,0,119,0,,1583191861871
吕梁,0,6,0,6,0,141100,Lüliang,140000,亚洲,Asia,中国,China,山西省,山西,Shanxi,14,133,0,119,0,,1583191861871
阳泉,0,4,0,4,0,140300,Yangquan,140000,亚洲,Asia,中国,China,山西省,山西,Shanxi,14,133,0,119,0,,1583191861871
临汾,0,2,0,2,0,141000,Linfen,140000,亚洲,Asia,中国,China,山西省,山西,Shanxi,14,133,0,119,0,,1583191861871
长春,5,45,0,40,0,220100,Changchun,220000,亚洲,Asia,中国,China,吉林省,吉林,Jilin,9,93,0,83,1,,1583161502252
通化,3,6,0,3,0,220500,Tonghua,220000,亚洲,Asia,中国,China,吉林省,吉林,Jilin,9,93,0,83,1,,1583161502252
白城,1,1,0,0,0,220800,Baicheng,220000,亚洲,Asia,中国,China,吉林省,吉林,Jilin,9,93,0,83,1,,1583161502252
四平市,0,15,0,14,1,220300,Siping,220000,亚洲,Asia,中国,China,吉林省,吉林,Jilin,9,93,0,83,1,,1583161502252
辽源,0,7,0,7,0,220400,Liaoyuan,220000,亚洲,Asia,中国,China,吉林省,吉林,Jilin,9,93,0,83,1,,1583161502252
公主岭,0,6,0,6,0,220381,Gongzhuling,220000,亚洲,Asia,中国,China,吉林省,吉林,Jilin,9,93,0,83,1,,1583161502252
吉林市,0,5,0,5,0,220200,Jilin,220000,亚洲,Asia,中国,China,吉林省,吉林,Jilin,9,93,0,83,1,,1583161502252
延边,0,5,0,5,0,222400,Yanbian,220000,亚洲,Asia,中国,China,吉林省,吉林,Jilin,9,93,0,83,1,,1583161502252
松原,0,2,0,2,0,220700,Songyuan,220000,亚洲,Asia,中国,China,吉林省,吉林,Jilin,9,93,0,83,1,,1583161502252
梅河口,0,1,0,1,0,220581,Meihekou,220000,亚洲,Asia,中国,China,吉林省,吉林,Jilin,9,93,0,83,1,,1583161502252
兰州,1,36,0,33,2,620100,Lanzhou,620000,亚洲,Asia,中国,China,甘肃省,甘肃,Gansu,4,91,0,85,2,,1583161502252
平凉,1,9,0,8,0,620800,Pingliang,620000,亚洲,Asia,中国,China,甘肃省,甘肃,Gansu,4,91,0,85,2,,1583161502252
定西,1,9,0,8,0,621100,Dingxi,620000,亚洲,Asia,中国,China,甘肃省,甘肃,Gansu,4,91,0,85,2,,1583161502252
庆阳,1,3,0,2,0,621000,Qingyang,620000,亚洲,Asia,中国,China,甘肃省,甘肃,Gansu,4,91,0,85,2,,1583161502252
天水,0,12,0,12,0,620500,Tianshui,620000,亚洲,Asia,中国,China,甘肃省,甘肃,Gansu,4,91,0,85,2,,1583161502252
甘南,0,8,0,8,0,623000,Gannan,620000,亚洲,Asia,中国,China,甘肃省,甘肃,Gansu,4,91,0,85,2,,1583161502252
白银,0,4,0,4,0,620400,Baiyin,620000,亚洲,Asia,中国,China,甘肃省,甘肃,Gansu,4,91,0,85,2,,1583161502252
陇南,0,4,0,4,0,621200,Longnan,620000,亚洲,Asia,中国,China,甘肃省,甘肃,Gansu,4,91,0,85,2,,1583161502252
临夏,0,3,0,3,0,622900,Linxia,620000,亚洲,Asia,中国,China,甘肃省,甘肃,Gansu,4,91,0,85,2,,1583161502252
张掖,0,2,0,2,0,620700,Zhangye,620000,亚洲,Asia,中国,China,甘肃省,甘肃,Gansu,4,91,0,85,2,,1583161502252
金昌,0,1,0,1,0,620300,Jinchang,620000,亚洲,Asia,中国,China,甘肃省,甘肃,Gansu,4,91,0,85,2,,1583161502252
莆田,17,56,0,39,0,350300,Putian,350000,亚洲,Asia,中国,China,福建省,福建,Fujian,40,296,0,255,1,,1583153203366
泉州,7,47,0,40,0,350500,Quanzhou,350000,亚洲,Asia,中国,China,福建省,福建,Fujian,40,296,0,255,1,,1583153203366
南平,5,20,0,15,0,350700,Nanping,350000,亚洲,Asia,中国,China,福建省,福建,Fujian,40,296,0,255,1,,1583153203366
漳州,4,20,0,16,0,350600,Zhangzhou,350000,亚洲,Asia,中国,China,福建省,福建,Fujian,40,296,0,255,1,,1583153203366
宁德,3,26,0,23,0,350900,Ningde,350000,亚洲,Asia,中国,China,福建省,福建,Fujian,40,296,0,255,1,,1583153203366
三明,2,14,0,12,0,350400,Sanming,350000,亚洲,Asia,中国,China,福建省,福建,Fujian,40,296,0,255,1,,1583153203366
福州,1,72,0,70,1,350100,Fuzhou,350000,亚洲,Asia,中国,China,福建省,福建,Fujian,40,296,0,255,1,,1583153203366
厦门,1,35,0,34,0,350200,Xiamen,350000,亚洲,Asia,中国,China,福建省,福建,Fujian,40,296,0,255,1,,1583153203366
龙岩,0,6,0,6,0,350800,Longyan,350000,亚洲,Asia,中国,China,福建省,福建,Fujian,40,296,0,255,1,,1583153203366
西安,15,120,0,104,1,610100,Xi'an,610000,亚洲,Asia,中国,China,陕西省,陕西,Shaanxi,28,245,0,216,1,部分治愈或死亡病例省级卫健委未明确其市区归属，归入待明确地区。,1583141133308
渭南,5,15,0,10,0,610500,Weinan,610000,亚洲,Asia,中国,China,陕西省,陕西,Shaanxi,28,245,0,216,1,部分治愈或死亡病例省级卫健委未明确其市区归属，归入待明确地区。,1583141133308
汉中,4,26,0,22,0,610700,Hanzhong,610000,亚洲,Asia,中国,China,陕西省,陕西,Shaanxi,28,245,0,216,1,部分治愈或死亡病例省级卫健委未明确其市区归属，归入待明确地区。,1583141133308
安康,1,26,0,25,0,610900,Ankang,610000,亚洲,Asia,中国,China,陕西省,陕西,Shaanxi,28,245,0,216,1,部分治愈或死亡病例省级卫健委未明确其市区归属，归入待明确地区。,1583141133308
咸阳,1,17,0,16,0,610400,Xianyang,610000,亚洲,Asia,中国,China,陕西省,陕西,Shaanxi,28,245,0,216,1,部分治愈或死亡病例省级卫健委未明确其市区归属，归入待明确地区。,1583141133308
宝鸡,1,13,0,12,0,610300,Baoji,610000,亚洲,Asia,中国,China,陕西省,陕西,Shaanxi,28,245,0,216,1,部分治愈或死亡病例省级卫健委未明确其市区归属，归入待明确地区。,1583141133308
铜川,1,8,0,7,0,610200,Tongchuan,610000,亚洲,Asia,中国,China,陕西省,陕西,Shaanxi,28,245,0,216,1,部分治愈或死亡病例省级卫健委未明确其市区归属，归入待明确地区。,1583141133308
商洛,1,7,0,6,0,611000,Shangluo,610000,亚洲,Asia,中国,China,陕西省,陕西,Shaanxi,28,245,0,216,1,部分治愈或死亡病例省级卫健委未明确其市区归属，归入待明确地区。,1583141133308
延安,0,8,0,8,0,610600,Yan'an,610000,亚洲,Asia,中国,China,陕西省,陕西,Shaanxi,28,245,0,216,1,部分治愈或死亡病例省级卫健委未明确其市区归属，归入待明确地区。,1583141133308
榆林,0,3,0,3,0,610800,Yulin,610000,亚洲,Asia,中国,China,陕西省,陕西,Shaanxi,28,245,0,216,1,部分治愈或死亡病例省级卫健委未明确其市区归属，归入待明确地区。,1583141133308
韩城,0,1,0,1,0,610581,Hancheng,610000,亚洲,Asia,中国,China,陕西省,陕西,Shaanxi,28,245,0,216,1,部分治愈或死亡病例省级卫健委未明确其市区归属，归入待明确地区。,1583141133308
杨凌,0,1,0,1,0,0,Yangling District in Xianyang,610000,亚洲,Asia,中国,China,陕西省,陕西,Shaanxi,28,245,0,216,1,部分治愈或死亡病例省级卫健委未明确其市区归属，归入待明确地区。,1583141133308
待明确地区,-1,0,0,1,0,0,Area not defined,610000,亚洲,Asia,中国,China,陕西省,陕西,Shaanxi,28,245,0,216,1,部分治愈或死亡病例省级卫健委未明确其市区归属，归入待明确地区。,1583141133308
银川,3,35,0,32,0,640100,Yinchuan,640000,亚洲,Asia,中国,China,宁夏回族自治区,宁夏,Ningxia,5,74,0,69,0,,1583112661667
吴忠,1,28,0,27,0,640300,Wuzhong,640000,亚洲,Asia,中国,China,宁夏回族自治区,宁夏,Ningxia,5,74,0,69,0,,1583112661667
中卫,1,4,0,3,0,640500,Zhongwei,640000,亚洲,Asia,中国,China,宁夏回族自治区,宁夏,Ningxia,5,74,0,69,0,,1583112661667
固原,0,5,0,5,0,640400,Guyuan,640000,亚洲,Asia,中国,China,宁夏回族自治区,宁夏,Ningxia,5,74,0,69,0,,1583112661667
宁东,0,1,0,1,0,0,Ningdong County,640000,亚洲,Asia,中国,China,宁夏回族自治区,宁夏,Ningxia,5,74,0,69,0,,1583112661667
石嘴山,0,1,0,1,0,640200,Shizuishan,640000,亚洲,Asia,中国,China,宁夏回族自治区,宁夏,Ningxia,5,74,0,69,0,,1583112661667
遵义,13,32,0,19,0,520300,Zunyi,520000,亚洲,Asia,中国,China,贵州省,贵州,Guizhou,30,146,0,114,2,,1583111284800
贵阳,7,36,0,28,1,520100,Guiyang,520000,亚洲,Asia,中国,China,贵州省,贵州,Guizhou,30,146,0,114,2,,1583111284800
毕节,7,23,0,16,0,520500,Bijie,520000,亚洲,Asia,中国,China,贵州省,贵州,Guizhou,30,146,0,114,2,,1583111284800
黔南州,2,17,0,15,0,522700,Qiannan,520000,亚洲,Asia,中国,China,贵州省,贵州,Guizhou,30,146,0,114,2,,1583111284800
六盘水,1,10,0,8,1,520200,Liupanshui,520000,亚洲,Asia,中国,China,贵州省,贵州,Guizhou,30,146,0,114,2,,1583111284800
铜仁,0,10,0,10,0,520600,Tongren,520000,亚洲,Asia,中国,China,贵州省,贵州,Guizhou,30,146,0,114,2,,1583111284800
黔东南州,0,10,0,10,0,522600,Qiandongnan,520000,亚洲,Asia,中国,China,贵州省,贵州,Guizhou,30,146,0,114,2,,1583111284800
安顺,0,4,0,4,0,520400,Anshun,520000,亚洲,Asia,中国,China,贵州省,贵州,Guizhou,30,146,0,114,2,,1583111284800
黔西南州,0,4,0,4,0,522300,Qianxinan,520000,亚洲,Asia,中国,China,贵州省,贵州,Guizhou,30,146,0,114,2,,1583111284800
海口,6,39,0,33,0,460100,Haikou,460000,亚洲,Asia,中国,China,海南省,海南,Hainan,14,168,0,149,5,,1583057641693
三亚,3,54,0,50,1,460200,Sanya,460000,亚洲,Asia,中国,China,海南省,海南,Hainan,14,168,0,149,5,,1583057641693
儋州,2,15,0,12,1,460400,Danzhou,460000,亚洲,Asia,中国,China,海南省,海南,Hainan,14,168,0,149,5,,1583057641693
万宁,1,13,0,12,0,469006,Wanning,460000,亚洲,Asia,中国,China,海南省,海南,Hainan,14,168,0,149,5,,1583057641693
澄迈,1,9,0,7,1,469023,Chengmai County,460000,亚洲,Asia,中国,China,海南省,海南,Hainan,14,168,0,149,5,,1583057641693
东方,1,3,0,2,0,469007,Dongfang,460000,亚洲,Asia,中国,China,海南省,海南,Hainan,14,168,0,149,5,,1583057641693
昌江,0,7,0,7,0,469026,Changjiang Li Autonomous County,460000,亚洲,Asia,中国,China,海南省,海南,Hainan,14,168,0,149,5,,1583057641693
琼海,0,6,0,5,1,469002,Qionghai,460000,亚洲,Asia,中国,China,海南省,海南,Hainan,14,168,0,149,5,,1583057641693
临高,0,6,0,6,0,469024,Lingao County,460000,亚洲,Asia,中国,China,海南省,海南,Hainan,14,168,0,149,5,,1583057641693
陵水,0,4,0,4,0,469028,Lingshui Li Autonomous County,460000,亚洲,Asia,中国,China,海南省,海南,Hainan,14,168,0,149,5,,1583057641693
定安,0,3,0,2,1,469021,Ding'an County,460000,亚洲,Asia,中国,China,海南省,海南,Hainan,14,168,0,149,5,,1583057641693
文昌,0,3,0,3,0,469005,Wenchang,460000,亚洲,Asia,中国,China,海南省,海南,Hainan,14,168,0,149,5,,1583057641693
保亭,0,3,0,3,0,469029,Baoting Li and Miao Autonomous County,460000,亚洲,Asia,中国,China,海南省,海南,Hainan,14,168,0,149,5,,1583057641693
乐东,0,2,0,2,0,469027,Ledong Li Autonomous County,460000,亚洲,Asia,中国,China,海南省,海南,Hainan,14,168,0,149,5,,1583057641693
琼中,0,1,0,1,0,469030,Qiongzhong Li and Miao Autonomous County,460000,亚洲,Asia,中国,China,海南省,海南,Hainan,14,168,0,149,5,,1583057641693
西宁,0,15,0,15,0,630100,Xining,630000,亚洲,Asia,中国,China,青海省,青海,Qinghai,0,18,0,18,0,,1582456742938
海北州,0,3,0,3,0,632200,Haibei,630000,亚洲,Asia,中国,China,青海省,青海,Qinghai,0,18,0,18,0,,1582456742938
拉萨,0,1,0,1,0,540100,Lhasa,540000,亚洲,Asia,中国,China,西藏自治区,西藏,Xizang,0,1,0,1,0,,1582456742938
